id,dataset,question_id,model,gold_answer,model_answer,correct
A01,gsm8k,gsm8k-936,llama3.2-3b,250,180,False
A02,gsm8k,gsm8k-5,qwen2.5-3b,64,104,False
A03,gsm8k,gsm8k-357,qwen2.5-3b,2,12,False
A04,gsm8k,gsm8k-530,qwen2.5-3b,36,48,False
A05,gsm8k,gsm8k-962,phi4-mini,1000,600,False
A06,gsm8k,gsm8k-1142,qwen2.5-3b,9,9,True
A07,gsm8k,gsm8k-1170,llama3.2-3b,2,4,False
A08,gsm8k,gsm8k-1029,phi4-mini,34,27,False
A09,gsm8k,gsm8k-797,phi4-mini,540,570,False
A10,gsm8k,gsm8k-990,phi4-mini,14,18,False
A11,gsm8k,gsm8k-271,llama3.2-3b,20,0,False
A12,gsm8k,gsm8k-1176,phi4-mini,2,3,False
A13,gsm8k,gsm8k-150,qwen2.5-3b,4,4,True
A14,gsm8k,gsm8k-603,llama3.2-3b,1800,1260,False
A15,gsm8k,gsm8k-330,qwen2.5-3b,31,35,False
A16,gsm8k,gsm8k-1138,phi4-mini,700,700,True
A17,gsm8k,gsm8k-315,llama3.2-3b,14,14,True
A18,gsm8k,gsm8k-589,qwen2.5-3b,15,2.5,False
A19,gsm8k,gsm8k-1249,phi4-mini,56,56,True
A20,gsm8k,gsm8k-1224,llama3.2-3b,5,5,True
A21,gsm8k,gsm8k-304,llama3.2-3b,3200,4800,False
A22,csqa,dbcedaa6a6f1f68bc8f2bf7aef23294e,llama3.2-3b,E,B,False
A23,csqa,11c4c78d61e8212f0984fd07eb22b669,qwen2.5-3b,A,B,False
A24,csqa,3df1b88da6a90c9526be2c8a6cc736dc,qwen2.5-3b,B,D,False
A25,csqa,14309d9bd3c13d1c0efb625198f6304a,qwen2.5-3b,E,D,False
A26,csqa,68a911b64dc943b5f81c0f8dec7faed7,phi4-mini,B,C,False
A27,csqa,1ca3cd9475d7e9da2ddb74911ee2bb68,qwen2.5-3b,E,E,True
A28,csqa,17d9bfaee1efac51b1ca240125bc5977,llama3.2-3b,D,E,False
A29,csqa,487cabfcd776d89748ee7e7bb681ad59,phi4-mini,C,D,False
A30,csqa,dc36293f603cf230f8059fc6f2e5660d,phi4-mini,C,B,False
A31,csqa,866ef7266d34c11e5a1b3df49fab96a4,phi4-mini,D,C,False
A32,csqa,b8b287b6277fccd4b7c9c72577177328,llama3.2-3b,D,B,False
A33,csqa,506c2dbfe7b00a82bfdf0507a8de88fb,phi4-mini,E,A,False
A34,csqa,54ecb521df1d0f5b130a393c42b4126d,qwen2.5-3b,C,C,True
A35,csqa,1fcc547e4e6813afc1a66717248d6c62,llama3.2-3b,C,D,False
A36,csqa,cce1b59f7c4f540a84a1a7d6d88548c4,qwen2.5-3b,B,A,False
A37,csqa,d00d3ba777cb3889a45799d72fca0a50,phi4-mini,C,C,True
A38,csqa,a7f423c1636ba9e36d18e381928c5dcc,llama3.2-3b,C,C,True
A39,csqa,dfa23d3422b7294843447b6950d2b476,qwen2.5-3b,E,C,False
A40,csqa,32be8cbc1b5a967310bcab8b80563481,phi4-mini,B,B,True
A41,csqa,9382bc51ba092f55a494eff8615899de,llama3.2-3b,C,C,True
A42,csqa,178cb8153123716aa94f286b615149d4,llama3.2-3b,D,B,False
